cell_id,time_seconds,mean_intensity,mean_intensity_sub,area,centroid_x,centroid_y,dF_F0
0,0.1,376.96078149691135,98.25891876220703,13922,991.578939807499,29.796078149691137,-0.011474030336396305
0,5.1,381.3921187234349,105.41301727294922,13881,989.2891002089186,29.613572509185218,0.06049920381362618
0,10.1,379.50815390045886,103.92875671386719,14165,994.3497352629721,29.03558065654783,0.045566919529582715
0,15.0,385.3702810577083,94.19554138183594,12026,987.3934807916181,28.590720106436056,-0.052353312498673046
0,20.1,383.1948952132431,95.20092010498047,12263,985.8289162521406,29.079018184783497,-0.042238780508139256
0,25.1,384.96610034298476,96.84693145751953,12537,985.902448751695,28.859854829704076,-0.02567921534252081
0,30.1,386.36087433538694,95.22256469726562,11849,987.8093510000843,28.628407460545194,-0.04202102682383058
0,35.1,384.9501785558749,92.9154281616211,11481,983.2635658914729,27.760299625468164,-0.06523178885718547
0,40.1,382.7203748981255,92.45405578613281,12270,991.3435207823961,27.464221678891604,-0.06987338862849268
0,45.1,382.11951123374064,97.94432067871094,12685,985.7736696886086,28.091210090658258,-0.014639019117668154
0,50.1,382.69236172080775,91.79460906982422,11390,985.1243195785777,26.723529411764705,-0.07650769941566941
0,55.0,381.3556064073227,101.3232421875,13110,989.9694889397407,27.452402745995425,0.019354349657092117
0,60.1,381.53506944444445,92.23828125,11520,988.3138020833334,26.726649305555554,-0.07204417103935555
0,65.1,383.98915662650603,93.431640625,10790,984.745968489342,26.496292863762744,-0.06003847478104543
0,70.0,382.96115241635687,90.52286529541016,10760,984.4576208178439,26.74442379182156,-0.08930197563611818
0,75.0,378.92466240227435,92.52919006347656,11256,983.0425550817342,27.018390191897655,-0.06911750625871058
0,80.0,378.808081705151,92.8676986694336,11260,983.8938721136767,26.922380106571936,-0.06571196758437443
0,85.1,381.12277245455357,92.77361297607422,11167,985.1284140771917,26.756156532640816,-0.06665850915465804
0,90.1,380.51426094495014,98.03964233398438,11535,982.5475509319463,26.025574338968358,-0.01368004325169967
0,95.1,381.09984041492123,88.04783630371094,10026,982.3040095751047,26.34131258727309,-0.11420180625491427
0,100.1,380.60177996591557,90.49937438964844,10562,982.0676008331756,26.201761030107935,-0.08953830400904253
0,105.1,381.3356777493606,95.95445251464844,10948,980.5356229448302,25.356868834490317,-0.034657928150678925
0,110.1,380.27263198017914,92.39569091796875,10494,981.6790546979227,25.60167714884696,-0.07046056370250092
0,115.1,383.3118734684785,88.49510955810547,8978,978.3618846068167,25.199487636444644,-0.10970204956030867
0,120.1,379.2252461951656,94.41535186767578,11170,983.5170993733213,24.96078782452999,-0.050141926739555226
0,125.1,382.3450143709927,86.06970977783203,9046,979.073734247181,24.84921512270617,-0.13410258947891868
0,130.0,383.34721593481214,87.78726959228516,8836,978.7072204617474,25.135355364418288,-0.1168232167519866
0,135.1,381.0306851618327,89.22241973876953,9516,978.2459016393443,25.507145859604876,-0.10238500383413805
0,140.0,378.55405956752344,90.1465835571289,9804,974.3003875968992,25.420542635658915,-0.09308752787795951
0,145.1,381.67925447679374,85.80260467529297,8209,975.4105250334998,25.160677305396515,-0.13678977893526226
0,150.1,376.9842502460899,86.10456085205078,9143,976.7904407743629,25.02493711035765,-0.13375197304256972
0,155.1,379.180987654321,83.79569244384766,8100,974.5701234567902,24.32962962962963,-0.15698015844086577
0,160.0,376.9302096985583,89.80682373046875,9156,973.723132372215,24.346439493228484,-0.09650565435780381
0,165.1,377.85943339361063,84.199462890625,8295,972.8278481012658,24.92344786015672,-0.1529180582524033
0,170.1,373.45795170691093,82.86614990234375,8407,976.8868799809683,23.958011181158557,-0.166331746609747
0,175.0,374.41708868978054,82.53350067138672,7701,971.9536423841059,23.294247500324634,-0.16967833751194744
0,180.0,366.75015111827526,82.82231140136719,9926,981.2741285512794,24.545637719121498,-0.1667727803320021
0,185.4,372.5546685178757,84.47393798828125,8643,973.6501214855953,24.46268656716418,-0.15015672355142023
0,191.1,371.16233292831106,81.97235107421875,8230,973.9420413122722,23.435601458080196,-0.175323738017618
0,196.7,366.4888196086863,82.40074157714844,9302,978.1651257794023,24.461083637927327,-0.17101394972930917
0,202.3,368.47767059664164,81.074462890625,8397,971.6815529355722,23.52387757532452,-0.18435687005812537
0,213.6,364.46336039141556,79.8133773803711,8993,979.3915267430224,23.130434782608695,-0.19704391966701995
0,219.2,365.5985675707409,79.3296127319336,8517,978.2849594927792,22.998003992015967,-0.20191079510397608
0,224.9,366.1914510686164,82.32037353515625,8890,977.122272215973,23.26580427446569,-0.17182248596847294
0,230.5,365.59168385625884,84.58479309082031,9211,972.6918901313646,23.571924872435133,-0.14904147468536277
0,236.1,371.19160739687055,76.98885345458984,7030,972.9176386913228,22.620910384068278,-0.22545981603290668
0,241.8,366.2683643486778,84.61945343017578,9189,974.598215257373,23.083795842855586,-0.14869277712180468
0,247.4,368.98146479598404,80.48731994628906,7769,972.554254086755,22.92547303385249,-0.1902637745477366
0,253.1,366.906858694369,81.18114471435547,8471,969.2959508912761,23.30999881950183,-0.1832836061287323
0,258.7,371.6781723015985,78.2823715209961,7069,971.2984863488471,22.484085443485643,-0.21244648129465146
0,264.3,374.7572685254212,79.02713775634766,6707,969.6008647681526,22.76323244371552,-0.2049538203306598
1,0.1,1855.0484963610566,1479.275634765625,87388,330.30372591202456,211.66495399826064,-0.00022145201603748
1,5.1,1861.4151573199968,1483.869384765625,87179,328.3540990376123,210.49257275261243,0.0028832653178142305
1,10.1,1858.8141124385263,1479.0555419921875,87639,328.44979974668814,210.536496308721,-0.000370203221206874
1,15.0,1864.1662708918,1482.08154296875,88013,328.5310238260257,211.95276834104052,0.0016749402202485377
1,20.1,1855.6490597155096,1473.734375,87314,327.93152300891035,211.30966397141353,-0.003966550300818107
1,25.1,1866.7762780207763,1482.6739501953125,87792,327.7736695826499,211.07570165846548,0.0020753226931753644
1,30.1,1873.7787151720506,1487.43896484375,87358,327.10913711394494,211.2495249433366,0.005295790410195494
1,35.1,1868.0238736476924,1479.79296875,87628,327.16920390742683,212.1740197197243,0.00012819169306284813
1,40.1,1877.1241828568811,1488.306396484375,87347,326.3355123816502,212.57613884850082,0.005882050013042811
1,45.1,1873.317396444323,1486.3057861328125,87972,326.50793434274544,212.94956349747648,0.004529923833607871
1,50.1,1867.3890656967492,1481.3919677734375,87980,326.4185610365992,212.48439418049557,0.0012088861115397709
1,55.0,1871.5860074838417,1488.7230224609375,88190,325.5584760176891,212.67779793627395,0.006163629526766129
1,60.1,1871.593055222842,1485.6829833984375,87663,325.47177258364417,211.89857750704402,0.004108998348985438
1,65.1,1869.3429515568578,1483.1282958984375,88062,325.8620290250051,212.43842974268128,0.0023823953418944353
1,70.0,1878.294266460952,1491.4619140625,88148,325.61823297182013,213.03532695012933,0.00801472813485581
1,75.0,1863.4125807034177,1480.7476806640625,88596,325.2716036841392,213.6731116528963,0.0007734402652369082
1,80.0,1864.0607865295513,1482.1456298828125,88490,324.41029494858174,213.32256752175388,0.001718253799124817
1,85.1,1880.1347720516487,1495.7484130859375,88134,323.61112623958974,213.3256972337577,0.010911787796266385
1,90.1,1869.9480137211171,1487.946533203125,88331,323.07899831316297,212.70455445992914,0.005638833954895627
1,95.1,1872.2131416234301,1487.3212890625,88467,323.0048944804277,213.3952999423514,0.005216258429173145
1,100.1,1881.0180810166437,1492.301513671875,87661,321.80872908134745,213.4021856926113,0.00858217726916257
1,105.1,1885.0522781007642,1497.993408203125,87551,321.06021633105274,212.5640940708844,0.012429083089816205
1,110.1,1884.5814171642987,1496.4031982421875,87414,321.03526895005376,211.94989360971925,0.011354328819299458
1,115.1,1880.0388097138298,1493.3033447265625,87710,321.0506669706989,212.85820316953598,0.009259271634567572
1,120.1,1892.4897469583595,1507.631591796875,87535,319.70064545610325,212.70022276803564,0.018943115344588625
1,125.1,1897.4183293490253,1508.9957275390625,87008,319.0616035307098,213.30800616035307,0.019865075809240858
1,130.0,1893.0118673607449,1505.429443359375,87214,318.6604902882565,213.0126126539317,0.017454778272344658
1,135.1,1896.745770644506,1509.058837890625,87602,318.4594758110545,213.30010730348621,0.01990772937167712
1,140.0,1896.3604600445353,1509.184814453125,87122,317.056954615367,212.5982874589656,0.019992871492439633
1,145.1,1900.977841232255,1514.4620361328125,86151,316.14801917563346,211.6009100300635,0.023559517832249986
1,150.1,1889.3934232830898,1505.455810546875,87308,316.66294039492374,212.53208182526228,0.017472598716225186
1,155.1,1887.6338716459638,1505.5872802734375,87991,316.4491368435408,212.2836199156732,0.01756145342946281
1,160.0,1905.3624250576925,1520.1304931640625,86233,315.00689991070703,209.51996335509608,0.027390583258343152
1,165.1,1911.8666114428377,1524.1942138671875,86919,315.39710535095895,210.65719808097194,0.030137076669374284
1,170.1,1894.4895394584587,1508.699462890625,86420,315.08046748437863,210.95800740569314,0.019664843321749944
1,175.0,1904.103369101729,1515.4857177734375,85364,313.7599807881543,209.49530246942504,0.024251380065500424
1,180.0,1911.7363472647753,1525.0498046875,85514,313.4552470940431,208.51499169726594,0.030715333572886364
1,185.4,1927.1827983510095,1534.572998046875,85143,313.9084716300812,207.79974865813983,0.03715164889184649
1,191.1,1926.5413565708902,1538.3514404296875,84920,312.36997173810647,206.87939236928875,0.03970533500033692
1,196.7,1918.4631531722982,1529.4639892578125,84702,311.7290028570754,205.77909612523908,0.03369869038382949
1,202.3,1916.5408476694347,1525.880126953125,85623,313.1087441458487,205.43408897142123,0.03127651255101294
1,208.0,1918.125667283376,1529.4404296875,84859,311.4067924439364,203.86181783900352,0.03368276748721402
1,213.6,1920.1199079347557,1529.02490234375,85157,311.8115598247942,203.84017755439953,0.033401930491985726
1,219.2,1912.7878054511277,1524.2960205078125,85120,310.6904840225564,204.90836466165413,0.030205883383246316
1,224.9,1914.5064377682404,1526.4283447265625,85511,310.7692109787045,203.23025107880858,0.03164702928002888
1,230.5,1904.1301117409662,1519.8128662109375,85734,310.2173116849791,203.6462896867054,0.027175912911226813
1,236.1,1913.801124869915,1526.7041015625,85521,310.31297576033955,204.2219571801078,0.03183340142227939
1,241.8,1900.2138102196552,1520.3238525390625,86226,309.67655927446475,204.82747663117854,0.027521266513467015
1,247.4,1892.4998067802564,1513.509033203125,85395,307.76756250365946,203.50011124773113,0.02291542428884596
1,253.1,1898.064619523893,1514.5179443359375,85485,308.3780897233433,204.56739778908582,0.023597303773441103
1,258.7,1896.794294977201,1514.257568359375,85749,308.61555236795766,203.85070379829503,0.023421326890120907
1,264.3,1891.780918850283,1511.8363037109375,86630,308.48740621031976,205.60079649082303,0.021784898629147568
1,270.0,1899.570068523607,1519.844970703125,87707,309.1467499743464,205.278780485024,0.027197610951692455
1,275.6,1894.011840231522,1513.1983642578125,87076,308.3665418714686,205.04964628600302,0.02270545655886476
1,281.3,1892.5809029805457,1515.2760009765625,87333,307.9329806602315,205.50807827510792,0.02410964153500624
1,286.9,1885.9362437617326,1509.3905029296875,87364,308.12194954443476,205.0248614990156,0.02013188745511874
1,292.5,1900.4899165826382,1525.82763671875,87272,307.26967412228436,204.36370198918326,0.03124103666736189
1,298.2,1900.5464814497227,1521.2369384765625,87465,308.28238724061055,204.15381009546675,0.028138381884885242
1,303.9,1896.3873422335628,1520.489013671875,87788,307.9203991433909,201.1090240123935,0.02763289179388531
1,309.5,1908.739072801881,1531.6334228515625,86756,305.8701761261469,201.87153626262162,0.0351649169053328
1,315.1,1923.2454826480023,1544.3421630859375,85725,305.1291805191018,201.1617264508603,0.04375420585163652
2,0.1,1138.6446757493188,787.8335571289062,91750,593.4665940054496,277.6756403269755,-0.001836923842655033
2,5.1,1148.7832064228678,794.454345703125,91797,591.1716722768718,277.9867969541488,0.006551430055233424
2,10.1,1144.328435022557,789.3922119140625,91324,590.7869563313039,277.34668871271515,0.0001378481646312315
2,15.0,1144.9601736275602,789.0228881835938,90769,591.1949784618097,277.7290264297282,-0.0003300746695344569
2,20.1,1142.7264667707943,785.7140502929688,90914,589.611083001518,277.51846800272784,-0.00452227970767531
2,25.1,1149.734170215119,790.0215454101562,90415,589.3923242824752,278.6420726649339,0.0009351960977137656
2,30.1,1151.530880028299,790.7626342773438,90463,588.4391187557344,277.4042536727723,0.0018741349594622021
2,35.1,1145.678419053348,786.412841796875,89769,588.6782296783967,275.1734340362486,-0.003636930421877431
2,40.1,1155.1603868627847,790.8530883789062,89334,587.4231535585556,275.9091835135559,0.00198873777556426
2,45.1,1146.733575863734,787.4660034179688,89061,587.8295213393068,275.2056118839896,-0.0023026041115933532
2,50.1,1148.0644547616353,785.587890625,88310,587.2205639225456,275.23143471860493,-0.004682120477501864
2,55.0,1148.3231530187643,789.0861206054688,89159,586.8998979351495,275.27003443286713,-0.00024996096003261376
2,60.1,1145.1333640770692,784.520751953125,88907,586.1308445904147,275.53873148346025,-0.0060341553200986085
2,65.1,1149.0144349348154,785.3388061523438,87981,586.108455234653,275.80084336390814,-0.0049977035358773686
2,70.0,1152.998669577676,790.8609008789062,87942,585.5234472720657,275.0668622501194,0.0019986359944988504
2,75.0,1143.0001482528967,782.8995361328125,87688,585.7138605054283,273.501619377794,-0.008088190408697024
2,80.0,1144.3778789835617,785.434326171875,88269,585.1730845483692,273.6426378456763,-0.004876682343434912
2,85.1,1152.2341338391536,791.31689453125,88569,583.9775880951574,273.2531472637153,0.002576367194970154
2,90.1,1154.1240762216614,790.5587768554688,87954,583.3173022261636,273.9591832094049,0.001615853309137727
2,95.1,1151.4427064262175,790.3324584960938,87392,583.1269452581472,273.05029064445256,0.0013291142793763035
2,100.1,1159.5667405562285,794.6176147460938,87518,581.5412258049772,273.15564798098677,0.006758287364999284
2,105.1,1159.1161765875045,795.5244750976562,88047,580.7768123842948,273.14995400183994,0.007907254059766066
2,110.1,1162.3677227155542,795.4821166992188,87275,579.9026181609854,273.47342308794043,0.007853587153980083
2,115.1,1158.36014046201,794.3933715820312,87141,580.7158398457672,273.11842875339966,0.006474177549642361
2,120.1,1159.601170238001,798.4429931640625,88529,579.8431474432107,272.6108393859639,0.01160493480035452
2,125.1,1166.9847811648306,799.0126953125,87326,578.7502462038797,272.9779332615716,0.012326731484225372
2,130.0,1162.081642423966,798.1664428710938,87724,578.6363708905203,272.4971957503078,0.011254553316037095
2,135.1,1164.242292010262,800.1729736328125,87312,578.4536146234194,272.7926974528129,0.01379677165568294
2,140.0,1169.0961879584806,802.2146606445312,87381,577.1200260926288,273.3161099094769,0.01638353198053444
2,145.1,1168.703023794721,804.0545043945312,88465,575.2857175154015,272.7111965183971,0.018714562539630546
2,150.1,1165.4932412443393,803.727294921875,87886,576.6992239947205,270.70832669594705,0.018299997291909134
2,155.1,1168.4544133131897,805.5258178710938,87372,576.7781096918922,271.1538936959209,0.020578675552421502
2,160.0,1175.9241595615792,811.052001953125,88317,574.1627206540077,271.4404021875743,0.027580196181771297
2,165.1,1176.844451790885,811.3511352539062,87722,575.7107567086933,270.5104306787351,0.02795918970519652
2,170.1,1163.8483435554847,801.9432983398438,87718,575.0262887890741,270.6710139310062,0.01603972353222827
2,175.0,1169.758680575262,805.8401489257812,88099,573.1191046436395,269.864323091068,0.020976924204867926
2,180.0,1174.6928467449811,812.232421875,88617,572.7561077445637,270.3834140176264,0.029075755198919605
2,185.4,1178.6505048213273,816.3486938476562,88150,572.1497447532615,270.40488939308,0.03429095662991749
2,191.1,1182.747712933754,820.515380859375,88760,570.838395673727,270.27996845425866,0.039570032504977655
2,196.7,1183.2943171412744,817.7984619140625,88459,570.0555624639663,271.57496693383376,0.0361277722108029
2,202.3,1180.345800136581,817.9977416992188,87860,571.7423287047576,271.1582290006829,0.03638025412347039
2,208.0,1180.1103156049094,818.3960571289062,88972,570.3401744369015,270.9218293395675,0.036884908629463656
2,213.6,1186.52480598985,820.7631225585938,87882,570.724767301609,270.65700598529844,0.03988391430697377
2,219.2,1174.6266911284695,815.3812255859375,88846,570.8303806586678,269.37557121311033,0.0330652014085722
2,224.9,1180.099935291246,818.8968505859375,88087,570.3448068386936,270.67566156186496,0.037519399929138005
2,230.5,1174.2704971899927,816.0057373046875,88256,569.9369221356055,269.8508430021755,0.03385644028465604
2,236.1,1174.6326396296213,815.7781372070312,88126,570.0077162244968,268.83582597644283,0.03356807732835066
2,241.8,1170.9885480618925,814.9420166015625,88282,569.8682290840715,268.4793955732765,0.03250873591284318
2,247.4,1168.791166726361,813.4923095703125,89344,568.1353980121777,268.48044636461316,0.030671997661793203
2,253.1,1168.6858713976985,812.2947387695312,88381,568.0563695816974,266.9614736198957,0.02915470896089005
2,258.7,1168.5282935153584,811.0560302734375,87900,568.173196814562,268.37088737201367,0.027585299950909446
2,264.3,1176.489337990303,816.4200439453125,87038,568.4985868241458,267.4477010041591,0.03438135520753106
2,270.0,1176.688920536779,816.9219360351562,86367,569.2289068741533,267.87186078015907,0.03501723844424308
2,275.6,1174.2498025459952,813.0343627929688,86096,567.6031755249953,268.10631155918975,0.030091791906588252
2,281.3,1172.447235890683,814.2695922851562,86574,567.6267008570702,267.3802989350151,0.031656793115949544
2,286.9,1164.8606609672067,809.084716796875,86207,567.1266138480634,267.4258818889417,0.025087700926304683
2,292.5,1177.9576768825916,821.8057861328125,87021,566.634570965629,266.3372289447375,0.04120493988556449
2,298.2,1172.428706074005,814.2890625,85940,567.4534908075401,267.343134745171,0.031681461333450595
2,303.9,1171.4551960965682,816.5582275390625,86488,566.2986772731477,269.24164045879195,0.03455642995493663
2,309.5,1176.8852054067156,818.4301147460938,86633,564.1300081954913,267.80500502118133,0.03692805867763164
2,315.1,1185.6067212358773,824.6005859375,86740,562.2609407424487,266.47649296748904,0.04474587304974345
3,0.1,648.7470423009605,294.6669006347656,166261,770.7632036376541,828.44937778553,-0.002018114285240575
3,5.1,652.399951769458,294.73480224609375,165870,769.5225236631096,827.5108036414059,-0.0017881441801139535
3,10.1,654.6352410538263,295.28570556640625,167390,768.910759304618,827.1736364179461,7.76627132549345e-05
3,15.0,656.0397130566437,295.99847412109375,166444,768.106702554613,827.930090601043,0.0024916769943054413
3,20.1,657.2842433697348,295.62799072265625,166660,767.7144965798632,827.6665066602665,0.0012369187577943455
3,25.1,657.6463108764037,296.8743591308594,166259,766.5508273236336,827.2878520862029,0.005458136314412934
3,30.1,660.8970641102457,298.4657897949219,166900,766.1598202516477,827.4756800479329,0.010848015434477236
3,35.1,657.9061369682838,295.8501892089844,167265,766.6770155143037,826.3440707858787,0.001989463627649147
3,40.1,663.6314318376337,298.43438720703125,167079,765.0422674303773,827.3901866781582,0.010741660720690587
3,45.1,660.5887345122098,297.7470703125,166260,764.5209791892217,827.314892337303,0.008413846470056082
3,50.1,659.0995218188926,295.3866271972656,166255,764.3587741722054,827.394616703257,0.0004194654717509966
3,55.0,659.4217559890589,296.190673828125,166345,763.8771228470949,826.580095584478,0.0031426215885020543
3,60.1,658.8131118398136,295.1915588378906,166506,763.1676876508955,826.3513747252351,-0.00024119471340377477
3,65.1,658.7351495177335,293.4147033691406,165365,762.7923018776646,825.9473891089408,-0.006259073095827337
3,70.0,660.6434936638216,294.6820068359375,164847,762.91926453014,826.9981316008177,-0.0019669523966843157
3,75.0,657.2135073120173,295.1558532714844,166917,761.9096556971429,825.6133227891706,-0.00036212281362766127
3,80.0,658.7499865042377,296.7023010253906,166719,761.5510529693677,826.2786305100199,0.004875407571624667
3,85.1,701.032287235515,287.74078369140625,108371,710.3965175185243,972.5820099473107,-0.025475581794909087
3,90.1,694.6742131633994,288.3290100097656,102785,702.4365325679817,988.0368925426862,-0.023483368861733522
3,95.1,657.3169995844801,297.2774963378906,166057,759.7243597078111,826.0214323997182,0.006823486916086046
3,100.1,661.9526377632491,299.1749267578125,165955,759.7208520382031,826.1942333765178,0.013249730190804117
3,105.1,663.9922959040686,303.88848876953125,167703,759.5730487826694,825.4569208660548,0.029213686423265797
3,110.1,663.2791965148284,301.2074279785156,164583,758.3772989919979,828.9135815971273,0.02013343309936058
3,115.1,655.3299340825063,297.7714538574219,164448,758.5196961957579,825.5287750535124,0.008496428993200427
3,120.1,659.6515040616264,302.67828369140625,166682,757.3558152649956,824.9764281686084,0.025114947327130373
3,125.1,660.5476092482751,301.29827880859375,165220,757.4878283500786,825.4291490134366,0.02044112793215247
3,130.0,660.2709620049483,301.57794189453125,165311,756.0496881635221,826.1439347653816,0.021388294693222298
3,135.1,659.9231202222504,303.3518371582031,165219,755.8467125451673,825.7623033670461,0.027396147412635845
3,140.0,659.8849300368354,303.0849609375,165873,753.3913596546755,826.6137406328938,0.026492287381475257
3,145.1,659.4563859443313,302.60174560546875,165371,754.1392142515919,826.817186810263,0.02485572709177866
3,150.1,659.4618420734508,303.3096008300781,165444,753.2914883585987,826.436129445613,0.027253100839379554
3,155.1,657.9609953373877,303.64404296875,164929,752.875316045086,825.5565849547381,0.028385794044809957
3,160.0,659.3063085367842,305.072021484375,165601,750.3990193295934,827.1982234406797,0.03322209119496047
3,165.1,661.6164813421059,303.2724914550781,164756,750.8532739323606,825.9297931486562,0.027127418301027207
3,170.1,654.7161726550829,299.3426513671875,165347,750.8722202398592,826.1512516102499,0.013817782189804527
3,175.0,657.5924668949426,301.800537109375,165005,748.9168388836702,827.958286112542,0.02214218320863514
3,180.0,660.3585931659794,304.8967590332031,165876,748.4688441968699,826.3077117847066,0.032628509930357236
3,185.4,665.2968663338879,307.3772277832031,165876,747.8760459620439,827.145801683185,0.041029395388645695
3,191.1,661.2168736148639,305.10015869140625,164695,747.8337107987492,826.0706214517745,0.033317386672230914
3,196.7,661.2712493800879,304.32080078125,165346,747.2002346594414,826.0627955922731,0.03067784665213039
3,202.3,662.0746856059918,305.9355773925781,165159,746.4853807543034,826.8184900610927,0.036146794145418
3,208.0,663.3163640073454,308.4875183105469,166634,746.6122580025685,825.1230541186072,0.04478974251885547
3,213.6,666.1937836942445,309.41729736328125,166015,746.2862452188056,825.881119175978,0.047938730920155596
3,219.2,662.1617251800795,309.7720947265625,167426,745.1534050864262,824.5533847789471,0.049140363478448676
3,224.9,666.0331590757329,311.2484130859375,166229,745.6964548905426,824.4606476607571,0.05414037867197922
3,230.5,666.4597647425411,312.5515441894531,166881,744.8968846063962,825.2604370779178,0.058553840900748604
3,236.1,662.5153215074898,307.78472900390625,163822,746.9015089548412,822.6600090341957,0.04240952609145728
3,241.8,661.1392421946044,308.6113586425781,164950,745.5690815398606,822.1869293725372,0.04520916664766618
3,247.4,657.7889323059319,305.8326110839844,164298,745.8938088108193,821.5189351057226,0.03579806644443049
3,253.1,662.1012548523969,307.72607421875,166155,743.8040624717884,822.9552526255604,0.04221087326356813
3,258.7,664.2250538664113,309.5700378417969,167080,743.4388975341154,822.3705889394303,0.048456034460002226
3,264.3,668.4701028211439,311.62640380859375,166989,742.6293348663685,822.4027151489021,0.05542056281674252
3,270.0,671.1522637446998,314.568603515625,166737,743.372346869621,821.9539874173099,0.065385244989892
3,275.6,667.3651272576766,312.0229797363281,166709,742.2250388401346,821.84428555147,0.05676369158803261
3,281.3,671.3547139172796,316.268310546875,167504,740.7775336708377,822.1305461362117,0.07114183598995147
3,286.9,660.4916085674166,288.1631164550781,163083,744.9954992243214,818.5836353267968,-0.02404521941969681
3,292.5,673.2628481151743,317.7320556640625,168371,740.237291457555,820.3756110018946,0.07609926795502711
3,298.2,670.5577639825632,315.2433166503906,167691,739.7365392298931,821.4114114651353,0.06767037265472098
3,303.9,670.3462264094441,315.8153076171875,166963,738.7620251193379,821.5857705000509,0.0696075994773674
3,309.5,673.3712039886448,316.95245361328125,167676,738.6049822276294,820.8263734821918,0.07345890107612163
3,315.1,675.1962479637685,318.4864501953125,167589,738.1563646778726,821.2539844500534,0.07865426166232153
4,0.1,1660.8326147303762,1274.276611328125,67724,307.037195085937,666.4232325320418,-0.0060845233105175645
4,5.1,1673.6445134116605,1282.0277099609375,67665,305.1291657429986,666.5845119337914,-3.878973586649915e-05
4,10.1,1677.0754211048725,1283.6278076171875,67501,304.41519384898004,666.3436245388957,0.001209260970411375
4,15.0,1676.1703836256618,1284.0078125,67618,303.1122777958532,666.4442456150729,0.0015056587312172202
4,20.1,1681.185974111093,1286.447265625,67133,303.2098073972562,666.2702545692879,0.003408393344755291
4,25.1,1688.8881739285503,1293.1873779296875,67292,302.5910509421625,665.3969565475836,0.00866557367334339
4,30.1,1693.19276283473,1296.2677001953125,67181,301.9121031243953,665.1561155683899,0.011068176017119397
4,35.1,1691.5017756953564,1293.9075927734375,67016,301.22809478333534,664.5268144920616,0.009227329789229832
4,40.1,1706.4515839808728,1304.8131103515625,66920,301.2499402271369,665.0313658099222,0.017733459938562506
4,45.1,1702.0587464251669,1303.787353515625,67136,300.3315657769304,664.5398147044805,0.01693338593147882
4,50.1,1701.982464298572,1301.8468017578125,66664,300.29333673346935,663.3096123844954,0.015419786444318354
4,55.0,1703.790132108669,1304.5904541015625,67066,299.5350401097426,663.5034592789193,0.0175597916071427
4,60.1,1696.422730381516,1298.8514404296875,67258,299.6635195813137,663.5744298076065,0.01308345227963675
4,65.1,1705.1978475336323,1303.9757080078125,66900,299.1562182361734,663.1387443946188,0.01708029943771827
4,70.0,1711.6801158762394,1309.923583984375,66968,298.9156761438299,662.6276579859037,0.021719548038831287
4,75.0,1693.7763169596537,1297.116943359375,67466,298.32853585509736,662.3256455103311,0.011730572169360408
4,80.0,1702.2023850237165,1304.1138916015625,67253,298.3594040414554,661.6915379239588,0.01718808044164767
4,85.1,1708.0146367348143,1310.0216064453125,67843,297.32781569211267,662.146367348142,0.021796003998332442
4,90.1,1703.153965166652,1305.875244140625,67866,297.20503639524946,661.5950402263284,0.01856190739014351
4,95.1,1707.5669322827182,1307.9478759765625,67516,296.9452870430713,661.9501451507791,0.020178527236183488
4,100.1,1713.3250240544742,1312.1671142578125,67555,296.8659758715121,661.7988601879949,0.02346946594626805
4,105.1,1714.2234947740321,1313.2325439453125,67930,296.43836302075664,661.6023700868541,0.02430048414617599
4,110.1,1716.0266981689308,1315.1502685546875,67720,295.71752805670405,661.752658003544,0.025796278820849883
4,115.1,1694.5351874526266,1299.7738037109375,68604,295.5394000349834,662.3573698326628,0.013802880959575384
4,120.1,1701.5169582499202,1306.925048828125,68934,294.94506339397105,661.5721559752807,0.019380738338723745
4,125.1,1707.7868850062139,1310.5369873046875,68395,294.11882447547333,661.5586227063382,0.02219799286634474
4,130.0,1704.8015715660263,1306.1573486328125,68594,293.81441525497854,662.3618100708517,0.0187819444043492
4,135.1,1701.0483318827967,1304.143798828125,68940,293.55635335073976,662.7922976501305,0.017211407602392106
4,140.0,1699.639886784237,1302.5711669921875,68895,292.97539734378404,662.404746353146,0.01598477979883872
4,145.1,1703.1102711992776,1304.906005859375,68658,292.49034344140523,662.7231495237263,0.017805916956221756
4,150.1,1693.9737036020285,1299.569091796875,69211,292.152923668203,662.4415194116542,0.013643208924602239
4,155.1,1694.032692834388,1299.7103271484375,69373,290.9390540988569,662.1587793521975,0.01375337025105658
4,160.0,1707.9989830606967,1311.010986328125,68834,290.5382223900979,662.0513554348142,0.022567704560918816
4,165.1,1715.3694814168302,1316.4202880859375,68745,290.3030620408757,661.9155284020657,0.02678687384282997
4,170.1,1698.4867577240523,1301.650146484375,68455,289.49156380103716,662.6536410780805,0.015266398460811058
4,175.0,1703.7950468933177,1306.6458740234375,68240,289.01836166471276,661.6419109026964,0.019162986434142
4,180.0,1711.4517372825658,1312.8687744140625,68469,288.0316055441149,662.0787217572916,0.02401674970120284
4,185.4,1723.11027996179,1320.8172607421875,68045,287.24338305533104,661.7929899331325,0.030216442536767186
4,191.1,1720.5203571637342,1320.8232421875,68428,287.37379435318877,661.4888057520313,0.030221107968916073
4,196.7,1714.4013936366027,1313.00439453125,68454,286.48138896193063,662.4460075379087,0.024122531234211285
4,202.3,1710.5761399107325,1311.86669921875,68558,286.13111526007174,662.0976399544911,0.023235146996912703
4,208.0,1714.6443384669233,1316.1131591796875,68568,285.5447584879244,661.3790689534477,0.026547318183919755
4,213.6,1717.717838089963,1318.5087890625,68606,284.9498440369647,661.4559513745154,0.02841587136599965
4,219.2,1709.6939940725244,1312.2386474609375,68832,284.8535710134821,661.8349168991167,0.0235252607062527
4,224.9,1707.5211102931623,1309.8973388671875,69279,283.4627376261205,661.9624561555449,0.021699077265116783
4,230.5,1705.1243987346343,1308.374755859375,69229,282.9838940328475,662.5042684424158,0.02051148675097245
4,236.1,1704.7721334850428,1309.2266845703125,69431,282.2128444066771,662.4695741095476,0.02117597758703541
4,241.8,1698.9841862066987,1306.8155517578125,69686,282.0908360359326,662.5654794363287,0.019295332366528806
4,247.4,1689.6448414688311,1299.559326171875,69797,281.4417525108529,662.0319068154791,0.013635591892522423
4,253.1,1698.1748201230964,1303.9072265625,69214,281.15408732337386,661.3749241482936,0.017026885000258563
4,258.7,1697.143920308111,1302.6231689453125,69066,280.39100280890744,662.399053079663,0.01602534049466374
4,264.3,1706.0492796261844,1310.35498046875,69339,280.12161986760697,662.5004687116918,0.022056030430957167
4,270.0,1714.497273263594,1317.8641357421875,69497,279.5390592399672,661.6758996791228,0.027913052035830787
4,275.6,1707.956740616796,1311.4866943359375,69326,278.55076017655716,661.9859648616681,0.022938749236106858
4,281.3,1711.2992733290164,1313.4383544921875,69495,278.43257788330095,662.2806676739334,0.024461013097258115
4,286.9,1701.7206313448569,1306.8614501953125,69249,278.02356712732313,661.3576946959523,0.019331132417303942
4,292.5,1724.6938007497577,1324.5390625,69089,277.35638089999856,660.1303536018759,0.03311938867528611
4,298.2,1719.4848677187617,1319.5531005859375,69322,277.33764172989817,660.499783618476,0.029230417734034987
4,303.9,1722.0119668963926,1322.7666015625,69358,276.37437642377233,660.1906341013294,0.031736897352799484
4,309.5,1719.2895573947462,1319.2357177734375,69475,275.8540050377834,660.2346743432889,0.028982864191440964
4,315.1,1729.400808367619,1329.489013671875,69028,276.00259315060555,658.9177869849916,0.03698027181074292
5,0.1,1945.3694641320824,1529.7757568359375,97636,1005.8283317628743,840.2671862837478,-0.00543452580180741
5,5.1,1959.0514194936968,1539.027099609375,97570,1004.7815517064671,839.640401762837,0.0005801244312859797
5,10.1,1966.045764773805,1540.8995361328125,96996,1005.040115056291,838.6940183100334,0.0017974667185571413
5,15.0,1968.9775567536303,1541.5235595703125,96822,1004.4577575344447,838.5592220776269,0.0022031681184222027
5,20.1,1965.049406971574,1539.447998046875,96707,1004.3021291116465,839.0387665835979,0.0008537665335423827
5,25.1,1962.5306408681408,1536.5693359375,97680,1003.4033271908272,837.639312039312,-0.0010177613247553245
5,30.1,1968.4921981143727,1540.44580078125,97156,1003.2767507925398,836.9480526164107,0.001502476088021454
5,35.1,1963.0869313122528,1535.132080078125,96582,1002.9233293988528,837.3446294340561,-0.0019521760904069744
5,40.1,1976.8651734193709,1546.0074462890625,96702,1002.1093462389609,837.2018572521768,0.005118313623086412
5,45.1,1971.9975495495496,1544.529052734375,97125,1001.5123603603604,836.1861724581725,0.004157153675166662
5,50.1,1966.4522446364351,1536.3277587890625,96764,1001.0576040676284,836.261915588442,-0.0011748198283415836
5,55.0,1972.5009207345302,1544.536865234375,97205,1001.1665346432796,835.478596780001,0.004162232878920842
5,60.1,1968.8495738285433,1537.5963134765625,97144,1000.3495738285432,834.9615622169151,-0.00035008411875674035
5,65.1,1969.2657475465035,1535.4652099609375,97412,999.6869379542561,834.8051780068164,-0.001735595667826428
5,70.0,1979.3352329420961,1546.5987548828125,97213,999.9378066719472,834.2495345272752,0.005502745857230848
5,75.0,1964.3819444444443,1534.388427734375,97488,999.0314602822912,834.1099212210734,-0.0024356527977579044
5,80.0,1969.3470465001644,1539.5721435546875,97376,999.2608342918173,833.3804633585278,0.0009344782556986361
5,85.1,1984.764569604613,1483.2120361328125,97120,998.3838550247117,834.688467874794,-0.03570737380230187
5,90.1,1969.5731786997712,1463.73095703125,97952,997.6377919797452,834.1904402156158,-0.04837276517614093
5,95.1,1964.3522522247026,1536.7154541015625,98103,997.119343954823,833.1558667930644,-0.0009227643420404422
5,100.1,1976.5841250665464,1544.25732421875,97676,996.613733158606,833.7878701011507,0.003980492619591618
5,105.1,1980.1650344651518,1552.868408203125,97925,996.3604288996681,834.6476691345417,0.009578886232518293
5,110.1,1969.4176260742663,1539.898193359375,98672,994.6170544835414,834.2541349116264,0.0011464556498769576
5,115.1,1948.148476787955,1526.296142578125,99625,994.681495608532,833.3970388958595,-0.007696755536383619
5,120.1,1957.7210976158344,1538.9849853515625,100035,994.6376768131154,833.710571300045,0.0005527443485486076
5,125.1,1963.6816419428583,1539.4478759765625,99297,994.0231124807397,833.22429680655,0.0008536871709837236
5,130.0,1959.6433252049653,1534.3792724609375,99651,992.9603716972233,832.9699451084284,-0.002441604989657333
5,135.1,1962.3185922574157,1541.9781494140625,99450,992.8725490196078,833.2663851181499,0.0024987142868685033
5,140.0,1956.9298759096284,1534.550537109375,99766,992.8136639736985,831.0544975242067,-0.0023302593198586863
5,145.1,1957.1020102673324,1537.740234375,99539,992.6079426154572,832.1025628145752,-0.0002565156620977209
5,150.1,1950.9447063994726,1530.7947998046875,100102,991.8054983916405,831.3410621166411,-0.004772007162121665
5,155.1,1947.0968241981002,1529.199462890625,100636,991.1881930919353,830.7944969990858,-0.005809196441236784
5,160.0,1947.735240829662,1526.7689208984375,101005,991.0007128359982,828.819583188951,-0.00738938434669712
5,165.1,1958.8242376001194,1533.487548828125,100505,990.4498880652703,829.0416098701558,-0.0030213484806616902
5,170.1,1948.7817223127856,1526.0867919921875,99378,991.0976876169776,829.3836664050393,-0.007832862324483889
5,175.0,1948.601171320634,1525.397216796875,100058,990.1203302084791,828.1465150212877,-0.00828118141834886
5,180.0,1953.634469169221,1532.7418212890625,100484,989.5446240197444,828.6739381394053,-0.003506174351509824
5,185.4,1969.7516870043014,1546.9752197265625,99733,990.0647528902168,828.1338473724845,0.005747499988135357
5,191.1,1960.9897496452563,1543.64111328125,100777,989.5418399039463,827.3374976433115,0.003579870423480736
5,196.7,1962.0369383662107,1541.6995849609375,100221,989.0611049580427,827.5866235619281,0.002317608928008552
5,202.3,1953.7280088442692,1533.97900390625,100404,988.6879407194932,827.3179156208917,-0.0027018348195003566
5,208.0,1963.9034605465704,1545.7646484375,100042,988.9311089342476,826.4216029267708,0.004960461493913562
5,213.6,1971.2902391855466,1548.360595703125,99797,988.2256380452318,826.3443991302344,0.006648185666356911
5,219.2,1958.6079925206875,1542.2725830078125,100544,987.5818348185869,826.9253958465945,0.002690136778354131
5,224.9,1965.5190190887558,1546.03369140625,100478,987.563267580963,825.8122673620096,0.0051353765731981076
5,230.5,1959.6460989949549,1543.7587890625,100692,986.7171771342311,826.8008381996584,0.0036563759300280597
5,236.1,1963.3832607008537,1546.910888671875,100506,986.5437884305414,826.5928601277535,0.005705675919722038
5,241.8,1950.850418925579,1538.691650390625,101450,985.6587777230162,826.6660620995565,0.0003620361200909115
5,247.4,1946.338005476094,1534.8919677734375,101167,985.8974764498305,826.3307501457986,-0.002108282243289325
5,253.1,1945.9950847289665,1530.7515869140625,100910,985.4253790506392,825.8850659003072,-0.004800101507886969
5,258.7,1946.6985044964476,1533.3173828125,100635,985.1322303373578,827.425021115914,-0.0031319798874324054
5,264.3,1954.8535154704439,1540.422119140625,101096,984.7885376276015,827.4178701432302,0.0014870797516415984
5,270.0,1962.083752259237,1549.78564453125,101251,985.1987338396658,826.7203583174487,0.007574664176142655
5,275.6,1949.3256428719385,1536.236083984375,101381,984.0418421597735,826.5438395754628,-0.0012344211098945298
5,281.3,1948.2373222969072,1538.3631591796875,102207,983.871368888628,826.2158951930885,0.0001484714747394091
5,286.9,1936.880824328709,1526.802734375,101707,983.5474647762691,826.037313065964,-0.007367400917948563
5,292.5,1961.4780726353179,1547.79052734375,101631,983.4225088801645,825.7704834154933,0.006277562517419149
5,298.2,1955.4922795851014,1541.90283203125,101808,983.0981357064278,825.0966132327518,0.00244974758817587
5,303.9,1954.1704541006068,1540.3662109375,102180,982.4539635936583,823.9937169700529,0.0014507316997757536
5,309.5,1959.4738687972258,1544.988037109375,101507,982.2460618479514,823.661954347976,0.004455556895724689
5,315.1,1967.7074485880153,1550.6158447265625,101630,981.8496113352356,822.9221588113746,0.008114408937582852
6,0.1,1784.474254894276,1361.8387451171875,53583,601.2871433103783,846.8603474982737,-0.005104010941750132
6,5.1,1796.5161248350341,1369.048828125,53799,600.1539805572594,847.6662577371327,0.0001633400504060143
6,10.1,1801.0463867370233,1370.5771484375,53442,598.6330227162157,846.6646832079638,0.0012798597223233079
6,15.0,1797.3931547452603,1368.557373046875,53643,598.2057677609381,846.9467777715638,-0.00019569415080317293
6,20.1,1805.9660731836395,1374.1041259765625,52908,597.4619339230362,846.5970363650109,0.0038565053198238164
6,25.1,1798.6404387840475,1369.5635986328125,53785,596.1648972761923,846.5760156177373,0.0005394074191340676
6,30.1,1811.1265269190167,1380.3094482421875,53048,594.7785590408687,845.1705625094254,0.008389824888693121
6,35.1,1797.662688912165,1368.5611572265625,53464,594.3509651354183,845.0412988178962,-0.0001929296052896397
6,40.1,1821.4108883714766,1388.0126953125,52827,594.0181157362712,844.4916046718535,0.014017458586483922
6,45.1,1808.8399716565973,1380.925537109375,53628,593.4469307078392,844.9234168717834,0.00883991073407384
6,50.1,1802.7720277101666,1373.2962646484375,53410,593.7298445983898,843.9419209885789,0.0032663194421282374
6,55.0,1805.4828481364732,1375.6473388671875,53930,593.5499351010569,844.8143890228073,0.004983904816020176
6,60.1,1800.2527183542534,1374.0078125,53617,593.0110412742227,843.2927243225097,0.003786143177560019
6,65.1,1806.5475156148038,1375.729736328125,53635,593.0340635778875,844.2382213107113,0.005044100565105174
6,70.0,1804.4694151874494,1375.139404296875,54308,592.6024342638285,844.4883442586728,0.004612831464993989
6,75.0,1802.447691015953,1374.7318115234375,53595,591.9684858662189,842.2476350405822,0.0043150631595202
6,80.0,1806.6980594987813,1379.6683349609375,53749,591.2255855922901,842.8855420565964,0.007921457371368072
6,85.1,1825.9969234232544,1396.309326171875,53306,591.0021761152591,841.8141860203355,0.02007859085657424
6,90.1,1817.3114974259495,1389.8634033203125,53612,591.1036148623442,841.5417630381257,0.01536949970037674
6,95.1,1813.0913449967602,1385.576904296875,54015,590.4023882254929,843.5298528186615,0.012237983064643852
6,100.1,1828.3343101388682,1393.5562744140625,53576,589.8175675675676,843.6660258324623,0.018067339406035044
6,105.1,1837.0906705648638,1405.0263671875,53358,588.8231567899846,842.6260916825968,0.026446855215329346
6,110.1,1830.9603641508731,1396.2237548828125,53714,588.5547715679339,843.3355549763562,0.020016076456413373
6,115.1,1802.0032847914158,1373.1607666015625,54798,588.3227307565969,844.4557648089346,0.003167330876966241
6,120.1,1818.1519642005649,1388.8173828125,54526,587.3679345633276,842.6706525327367,0.014605325813103634
6,125.1,1815.6770368201448,1386.10205078125,54644,585.8022106727179,844.2533123490227,0.012621630638812237
6,130.0,1827.957070800727,1394.254150390625,53926,586.1872751548418,842.8319363572302,0.018577175106063094
6,135.1,1812.0632172374158,1384.8624267578125,54811,585.1152505883855,843.9052015106457,0.01171601903591127
6,140.0,1823.672929818047,1394.1129150390625,53860,584.8955811362792,841.7437244708503,0.01847399513318703
6,145.1,1818.5902478547491,1388.218505859375,54306,584.583103156189,843.5551504437815,0.014167814190865116
6,150.1,1820.444083200946,1391.955078125,54134,583.947260501718,842.1282003916208,0.01689757993826035
6,155.1,1810.4997904022455,1385.4456787109375,54867,582.5511691909527,843.565075546321,0.01214211576054552
6,160.0,1826.709607592829,1398.764892578125,54051,583.5308134909623,840.8750994431185,0.02187251335819471
6,165.1,1832.9714127321445,1400.0560302734375,54115,582.7352120484154,842.5790261480181,0.022815758451634742
6,170.1,1812.2748594258655,1380.446044921875,54064,583.4013946433856,842.7733427049423,0.008489616063842917
6,175.0,1826.1782828282828,1396.589111328125,53460,582.2294986906098,840.9547138047138,0.020282988866800633
6,180.0,1832.6346153846155,1403.1439208984375,53456,581.7659383418138,840.5173413648608,0.02507162759067786
6,185.4,1845.3632485058076,1412.6865234375,53206,581.1937375483968,839.922339585761,0.03204300876582088
6,191.1,1830.227037480431,1399.3592529296875,54295,580.5351505663505,841.7895386315498,0.022306725361594493
6,196.7,1833.0580125936137,1402.5682373046875,53678,579.5697306158947,841.0741644621633,0.024651059957070676
6,202.3,1827.8760176264097,1401.4178466796875,53556,579.0780678168646,840.0438979759504,0.023810638120956573
6,208.0,1835.5323860870867,1408.2215576171875,53418,578.1960013478603,839.8042607360815,0.028781112596514263
6,213.6,1840.1271160992455,1415.4837646484375,53282,577.4823580195939,839.4353440186179,0.03408654297364714
6,219.2,1835.0176956424248,1412.600341796875,53516,578.8409821361836,838.5894498841468,0.03198004847122235
6,224.9,1832.8631062001227,1410.8170166015625,53757,576.5863980504864,839.8932418103689,0.03067723410324793
6,230.5,1839.9606995110944,1417.2109375,53180,575.7147987965401,839.0495298984581,0.03534833505335623
6,236.1,1797.1154512493526,1375.4495849609375,55989,577.6007251424387,842.3944167604351,0.004839435018216182
6,241.8,1804.8139387692363,1387.4981689453125,55299,576.2454293929366,841.4256134830648,0.013641569575530935
6,247.4,1783.5196639192839,1367.4478759765625,56296,576.8988738098622,842.7068885888873,-0.0010062410595936108
6,253.1,1820.614167659321,1402.7879638671875,53728,575.1050476474092,838.8417584871947,0.024811581954630672
6,258.7,1827.69603978979,1409.4561767578125,53280,575.2355292792793,838.0905593093094,0.029683067865026364
6,264.3,1846.44026096823,1425.6265869140625,52880,574.5092473524962,838.2351361573374,0.04149641673879154
6,270.0,1835.5063995237563,1418.7344970703125,53754,572.2201324552591,839.4967444283216,0.03646137674865972
6,275.6,1827.9661985508328,1412.7950439453125,53548,571.2871442444163,839.9405766788676,0.03212228879683801
6,281.3,1847.6156824047366,1432.9852294921875,52696,570.3204987095795,838.4145286169728,0.04687229843707575
6,286.9,1763.988851102619,1315.0970458984375,57046,570.6464081618343,846.6340497142656,-0.039251320409362515
6,292.5,1854.9412375415282,1440.2503662109375,52976,569.8097251585624,838.1807988523104,0.05217986910750943
6,298.2,1847.5027153558053,1431.3739013671875,53400,570.2029400749063,839.2250561797753,0.045695137121635795
6,303.9,1839.3947934435957,1423.2705078125,53932,570.9926759623229,838.2381702885115,0.039775175030510736
6,309.5,1849.7579581948278,1431.9581298828125,53247,568.5791687794617,838.9968261122692,0.04612194727737031
6,315.1,1858.9118565623119,1441.22412109375,53152,568.4770657736303,838.2096064118001,0.052891249093362805
7,0.1,938.472221545656,586.9556274414062,82114,211.54373188494046,1005.7372068100445,-0.0043441315347170295
7,5.1,946.2612197506722,591.5643310546875,81820,209.80490100219995,1005.7245416768516,0.0034736362556406883
7,10.1,944.8947349181786,588.8710327148438,82069,209.18617261085186,1004.6284467947703,-0.0010950196567024101
7,15.0,946.6409349305877,590.5499877929688,81974,208.16100226901213,1004.8097811501208,0.0017530005313170327
7,20.1,947.2812143234186,589.641845703125,81461,207.68382416125507,1004.6698542861001,0.00021251440446152565
7,25.1,950.9259318391157,591.811279296875,81425,206.88449493398832,1003.9822413263739,0.003892535836879843
7,30.1,950.7363646380431,591.6845092773438,81681,206.38088417134952,1003.4419877327653,0.0036774951966836683
7,35.1,948.1435891119596,589.2023315429688,81190,205.24510407685676,1003.2928685798744,-0.0005330357400029213
7,40.1,955.0608676350902,593.2186889648438,81094,204.1942683799048,1002.8553283843441,0.006279932140338486
7,45.1,952.5775045403229,592.21923828125,81492,203.89997791194227,1002.0544838757179,0.004584558773360938
7,50.1,948.6256147339432,588.635986328125,81336,202.96902970394413,1001.7137798760697,-0.0014937300589149619
7,55.0,951.3441399874836,590.9684448242188,81493,203.14144773170702,1001.6214766912495,0.0024628313590421055
7,60.1,948.7980299205811,589.2813720703125,81215,202.74456689035276,1001.3349011882042,-0.0003989588844159947
7,65.1,952.967048497471,590.1680297851562,80664,202.5936477238917,1001.4129103441436,0.0011050831859402087
7,70.0,955.2463503198874,592.1976928710938,80966,202.0892226366623,1000.8515549736927,0.004548011182610216
7,75.0,947.1588411711202,588.1024780273438,81358,201.3800117997001,1000.9354580987733,-0.0023987229505638623
7,80.0,951.5712931151255,589.9090576171875,81207,201.12719346854334,1000.5401504796384,0.0006657873571716144
7,85.1,953.9006672881605,593.0242309570312,81524,200.41569353809922,1001.08326382415,0.0059500720153192205
7,90.1,952.441108346916,591.7803955078125,81599,199.72658978663955,1000.7802424049314,0.003840147505662094
7,95.1,952.3013826813923,591.28955078125,81219,198.96701510730247,1001.1269038032973,0.0030075250557547086
7,100.1,956.2882120282409,592.7405395507812,81159,198.7359873827918,1000.8900183590237,0.005468844814726143
7,105.1,958.7580012541343,595.1544189453125,81331,197.69742164734234,1001.4917313201609,0.009563520924075457
7,110.1,955.9042978326959,593.7940673828125,81576,197.22251642639992,1001.1133053839364,0.0072559495284604605
7,115.1,951.8086683494429,591.123779296875,81215,196.77648217693775,1001.5273902604199,0.0027263260289021275
7,120.1,953.7535388697526,593.0733032226562,82159,196.02667997419638,1001.3284119816453,0.006033313553459675
7,125.1,955.425784210655,593.5047607421875,81802,195.10130559155033,1001.266484927019,0.0067651971767368835
7,130.0,954.6070373684017,592.343994140625,81593,194.22034978490802,1002.032343460836,0.004796182783260303
7,135.1,951.5761143204621,592.1925048828125,82225,193.37886287625417,1001.9673335360292,0.004539210771239645
7,140.0,953.209960232487,592.4983520507812,81725,192.86327317222393,1001.3844600795351,0.0050580209050976295
7,145.1,951.1412409382704,591.46044921875,81938,192.02814323024725,1001.317130025141,0.003297420959726442
7,150.1,948.5681864996184,590.3925170898438,82531,191.13934158073937,1001.298857399038,0.0014858821626573641
7,155.1,947.6169010350769,591.1207275390625,82989,190.48875152128596,1001.2566966706431,0.0027211493163312034
7,160.0,949.0660794543986,591.9681396484375,82991,189.34136231639576,1000.625248520924,0.004158618863025327
7,165.1,952.8444624129567,593.4285278320312,82861,188.90834047380554,1000.4653214419329,0.0066358828967152065
7,170.1,944.3591902087553,587.1587524414062,82441,188.5234773959559,1000.3320071323734,-0.003999569545996341
7,175.0,947.5637950627433,589.9422607421875,82718,188.03427307236635,999.4516550206727,0.0007221099899432655
7,180.0,951.4017593533711,593.1206665039062,82644,187.6124340544988,999.7351773873481,0.006113656132560413
7,185.4,959.4660535239443,598.0170288085938,81982,186.84329486960553,999.5766753677636,0.014419380849853409
7,191.1,954.0975283175912,595.7616577148438,82899,186.07875848924596,999.5242162149121,0.010593583191437878
7,196.7,951.3012259406132,593.1580200195312,82712,184.52787987232807,1000.7407389496083,0.00617701909442852
7,202.3,947.9224356129218,591.4535522460938,83363,184.5707328191164,999.8573107973561,0.003285721589316154
7,208.0,947.2108795689182,592.070068359375,83882,183.18564173481795,1000.0218163610787,0.0043315210628941826
7,213.6,952.6764917843759,595.9004516601562,83256,182.764533487076,999.8277841837225,0.010829020079163492
7,219.2,947.9457178616127,593.5914916992188,83895,182.36004529471364,999.8967280529233,0.006912319348002538
7,224.9,952.3059855273877,596.9696655273438,83468,181.16915464609193,999.8711721857478,0.012642733095512358
7,230.5,951.520352074726,596.8351440429688,83505,180.43707562421412,999.7495239806,0.012414543605386037
7,236.1,951.1999091213469,596.6251220703125,83628,179.74698665518727,1000.1440546228536,0.01205828224625506
7,241.8,948.8710880261136,595.864990234375,83941,179.20257085333748,1000.3037014093233,0.010768866679089358
7,247.4,945.729063452744,592.6842041015625,83968,178.57259908536585,999.6023485137196,0.005373282700666889
7,253.1,944.3395712664955,589.9454956054688,83735,178.50098525108976,999.544109392727,0.0007275973052684447
7,258.7,946.8969737614217,592.0025024414062,83503,178.233536519646,999.3331976096667,0.004216908646573929
7,264.3,952.4844123839601,596.1798095703125,83592,177.75022729447795,999.762884008039,0.011302896347905858
7,270.0,955.5637683924356,598.389404296875,83866,177.57513175780412,999.7108244103689,0.015051043317757532
7,275.6,951.447932481381,594.7960815429688,83651,176.80250086669616,999.0994728096496,0.008955671333997583
7,281.3,956.3307887431798,598.5958862304688,83576,175.93797262371973,1000.0977912319327,0.015401299690306238
7,286.9,947.7997341340961,591.676025390625,84253,175.77197251136457,999.4734193441183,0.0036631039357365
7,292.5,959.9862742306689,599.8943481445312,84294,175.49307186751133,998.8566564642798,0.0176038873549829
7,298.2,958.1477230962571,598.1288452148438,84347,175.39691986674097,998.8940448385835,0.014609055598452058
7,303.9,957.9600236197225,598.0256958007812,84675,175.05852967227636,998.761665190434,0.014434082713554832
7,309.5,960.258003900861,598.1478271484375,84084,174.0451096522525,998.4814946957804,0.014641254750643203
7,315.1,961.6821486220589,599.9948120117188,84873,174.92227210066807,997.2229802175015,0.01777430473281771
8,275.6,370.00408475874394,79.70950317382812,7834,967.9845545059995,22.870436558590757,-0.023856991471383888
8,281.3,370.0788722341185,82.15206146240234,8406,968.4507494646681,23.61099214846538,0.006055203453677493
8,286.9,368.0440487347704,82.1336898803711,8536,974.5750937207123,23.355318650421744,0.005830220350768091
8,292.5,371.5442901604022,83.65086364746094,8354,968.99461335887,23.268972947091214,0.02440991921350093
8,298.2,370.8062025479346,80.64192199707031,7771,970.2993179770943,22.862308583193926,-0.012438351546562627
8,303.9,369.7818886539817,84.75468444824219,8514,968.1764153159502,23.0461592670895,0.03792759169229338
8,309.5,372.9181046676096,81.10275268554688,7070,966.2291371994343,21.723338048090522,-0.006794900806556949
